{"cameraMode":{"drawMode":0,"name":"Shaded","section":"Shading Mode"},"sceneLighting":true,"audioPlay":false,"sceneViewState":{"showFog":true,"showMaterialUpdate":false,"showSkybox":true,"showFlares":true,"showImageEffects":true,"showParticleSystems":true},"in2DMode":false,"pivot":{"x":9.061817169189454,"y":2.12436580657959,"z":17.866451263427736},"rotation":{"x":-0.16231605410575868,"y":0.5078310966491699,"z":-0.09809228777885437,"w":-0.8403208255767822},"size":40.706085205078128,"orthographic":false}