{"cameraMode":{"drawMode":0,"name":"Shaded","section":"Shading Mode"},"sceneLighting":true,"audioPlay":false,"sceneViewState":{"showFog":true,"showMaterialUpdate":false,"showSkybox":true,"showFlares":true,"showImageEffects":true,"showParticleSystems":true},"in2DMode":false,"pivot":{"x":1.7635927200317383,"y":1.406017780303955,"z":72.50218963623047},"rotation":{"x":-0.16231605410575868,"y":0.5078310966491699,"z":-0.09809228777885437,"w":-0.8403208255767822},"size":12.465530395507813,"orthographic":false}