{"cameraMode":{"drawMode":0,"name":"Shaded","section":"Shading Mode"},"sceneLighting":false,"audioPlay":false,"sceneViewState":{"showFog":true,"showMaterialUpdate":false,"showSkybox":false,"showFlares":true,"showImageEffects":true,"showParticleSystems":true},"in2DMode":false,"pivot":{"x":10.0,"y":1.834841251373291,"z":10.59167766571045},"rotation":{"x":-0.08595694601535797,"y":0.913996696472168,"z":-0.28513580560684206,"w":-0.27553415298461916},"size":10.441654205322266,"orthographic":false}