{"cameraMode":{"drawMode":0,"name":"Shaded","section":"Shading Mode"},"sceneLighting":true,"audioPlay":false,"sceneViewState":{"showFog":true,"showMaterialUpdate":false,"showSkybox":true,"showFlares":true,"showImageEffects":true,"showParticleSystems":true},"in2DMode":false,"pivot":{"x":-0.12111473083496094,"y":0.9074058532714844,"z":13.2376708984375},"rotation":{"x":-0.08595694601535797,"y":0.913996696472168,"z":-0.28513580560684206,"w":-0.27553415298461916},"size":68.01631927490235,"orthographic":false}