{"cameraMode":{"drawMode":0,"name":"Shaded","section":"Shading Mode"},"sceneLighting":false,"audioPlay":false,"sceneViewState":{"showFog":true,"showMaterialUpdate":false,"showSkybox":false,"showFlares":true,"showImageEffects":true,"showParticleSystems":true},"in2DMode":false,"pivot":{"x":0.0120849609375,"y":-0.012632369995117188,"z":3.9883508682250978},"rotation":{"x":-0.005730540491640568,"y":0.7068673968315125,"z":0.005727372597903013,"w":0.7072997689247131},"size":0.5653893351554871,"orthographic":true}