{"cameraMode":{"drawMode":0,"name":"Shaded","section":"Shading Mode"},"sceneLighting":false,"audioPlay":false,"sceneViewState":{"showFog":true,"showMaterialUpdate":false,"showSkybox":false,"showFlares":true,"showImageEffects":true,"showParticleSystems":true},"in2DMode":false,"pivot":{"x":9.992950439453125,"y":1.873779296875,"z":10.528238296508789},"rotation":{"x":0.20819804072380067,"y":-0.27026015520095827,"z":0.05998093634843826,"w":0.9380912780761719},"size":10.472393989562989,"orthographic":true}