{"cameraMode":{"drawMode":0,"name":"Shaded","section":"Shading Mode"},"sceneLighting":false,"audioPlay":false,"sceneViewState":{"showFog":true,"showMaterialUpdate":false,"showSkybox":false,"showFlares":true,"showImageEffects":true,"showParticleSystems":true},"in2DMode":false,"pivot":{"x":37.53277587890625,"y":99.76171875,"z":203.92108154296876},"rotation":{"x":-0.08127918839454651,"y":0.2605915367603302,"z":-0.022022670134902,"w":-0.9617696404457092},"size":1371.5831298828125,"orthographic":false}